;4;5;6;7;8;9;24;25;26;60;61;62;63;64;65;66;67;68;69;70;71;72;73;74;75;76;77;78;102;103;104;105;;;;;
a;b;c;d;e;f;g;h;i;j;k;l;m;n;–;o;p;q;r;s;t;u;v;w;x;y;z;aa;ab;ac;ad;ae;af;ag;ah;ai;aj;
VLDC-PgePocaFarina1-dd6e;0;0;0;0;0;0;0;0;0;0;0;0;0;0;0;0;0;0;0;0;0;0;0;0;0;0;0;0;0;0;0;0;0;0;0;0;
P9SFJoncar3Roof-9614;0;0;0;0;0;0;0;0;0;0;0;0;0;0;0;0;0;0;0;0;0;0;0;0;0;0;0;0;0;0;0;0;0;0;0;0;
P9SFAlmogavers237-56ac;0;0;0;0;0;0;0;0;0;0;0;0;0;0;0;0;0;0;0;0;0;0;0;0;0;0;0;0;0;0;0;0;0;0;0;0;
BCNRamonBatlle57AP-6677;0;0;0;0;0;0;0;0;0;0;0;0;0;0;0;0;0;0;0;0;0;0;0;0;0;0;0;0;0;0;0;0;0;0;0;0;
BCNLaFabraRd1;0;0;0;0;0;0;0;0;0;0;0;0;0;0;0;0;0;0;0;0;0;0;0;0;0;0;0;0;0;0;0;0;0;0;0;0;
BCNLluc2-7b18;1;1;1;1;1;1;1;1;1;1;1;1;1;1;1;1;1;1;1;1;1;1;1;1;1;1;1;1;1;1;1;1;1;1;1;0;
BCNRamonBatlle57Rd1-0b2f;1;1;1;1;1;1;1;1;1;1;1;1;1;1;1;1;1;1;1;1;1;1;1;1;1;1;1;1;1;1;1;1;1;1;1;0;
BCNServet131Rd1-f1a0;1;1;1;1;1;1;1;1;1;1;1;1;1;1;1;1;1;1;1;1;1;1;1;1;1;1;1;1;1;1;1;1;1;1;1;0;
GSComteGuell52-61ec;1;1;1;1;1;1;1;1;1;1;1;1;1;1;1;1;1;1;1;1;1;1;1;1;1;1;1;1;1;1;1;1;1;1;1;0;
HWBellchite-da28;1;1;1;1;1;1;1;1;1;1;1;1;1;1;1;1;1;1;1;1;1;1;1;1;1;1;1;1;1;1;1;1;1;1;1;0;
BCNCmtBrll43Rd1-87e5;1;1;1;1;1;1;1;1;1;1;1;1;1;1;1;1;1;1;1;1;1;1;1;1;1;1;1;1;1;1;1;1;1;1;1;0;
BCNMoli92-4fbc;1;1;1;1;1;1;1;1;1;1;1;1;1;1;1;1;1;1;1;1;1;1;1;1;1;1;1;1;1;1;1;1;1;1;1;0;
BCNLlenguadoc17Rack;1;1;1;1;1;1;1;1;1;1;1;1;1;1;1;1;1;1;1;1;1;1;1;1;1;1;1;1;1;1;1;1;1;1;1;0;
PRLL-EnricMorera77-e004;2;2;2;2;2;2;2;2;2;2;2;2;2;2;2;2;2;2;2;2;2;2;2;2;2;2;2;2;2;2;2;2;2;2;2;0;
PRLL-FredericSoler60-175e;2;2;2;2;2;2;2;2;2;2;2;2;2;2;2;2;2;2;2;2;2;2;2;2;2;2;2;2;2;2;2;2;2;2;2;0;
qMp-9600;2;2;2;2;2;2;2;2;2;2;2;2;2;2;2;2;2;2;2;2;2;2;2;2;2;2;2;2;2;2;2;2;2;2;2;0;
BCNTorrasBages139Rd2-644e;2;2;2;2;2;2;2;2;2;2;2;2;2;2;2;2;2;2;2;2;2;2;2;2;2;2;2;2;2;2;2;2;2;2;2;0;
qMp_j2g2;2;2;2;2;2;2;2;2;2;2;2;2;2;2;2;2;2;2;2;2;2;2;2;2;2;2;2;2;2;2;2;2;2;2;2;0;
UPC-CN-C6-E208-9d04;2;2;2;2;2;2;2;2;2;2;2;2;2;2;2;2;2;2;2;2;2;2;2;2;2;2;2;2;2;2;2;2;2;2;2;0;
UPC-CN-C6-E208-4964;2;2;2;2;2;2;2;2;2;2;2;2;2;2;2;2;2;2;2;2;2;2;2;2;2;2;2;2;2;2;2;2;2;2;2;0;
UPC-CN-D6-116-4a5c;2;2;2;2;2;2;2;2;2;2;2;2;2;2;2;2;2;2;2;2;2;2;2;2;2;2;2;2;2;2;2;2;2;2;2;0;
HWErmitaBellvitge16Rd1;2;2;2;2;2;2;2;2;2;2;2;2;2;2;2;2;2;2;2;2;2;2;2;2;2;2;2;2;2;2;2;2;2;2;2;0;
QuesaSanRoque24Rd1-c1de;2;2;2;2;2;2;2;2;2;2;2;2;2;2;2;2;2;2;2;2;2;2;2;2;2;2;2;2;2;2;2;2;2;2;2;0;
GSConselldeCent12-a1ef;2;2;2;2;2;2;2;2;2;2;2;2;2;2;2;2;2;2;2;2;2;2;2;2;2;2;2;2;2;2;2;2;2;2;2;0;
HW-Prat11-LaFundicio-7d35;2;2;2;2;2;2;2;2;2;2;2;2;2;2;2;2;2;2;2;2;2;2;2;2;2;2;2;2;2;2;2;2;2;2;2;0;
BCNEspai30Rd1-57f0;2;2;2;2;2;2;2;2;2;2;2;2;2;2;2;2;2;2;2;2;2;2;2;2;2;2;2;2;2;2;2;2;2;2;2;0;
BCNLlenguadoc17p0-d94d;2;2;2;2;2;2;2;2;2;2;2;2;2;2;2;2;2;2;2;2;2;2;2;2;2;2;2;2;2;2;2;2;2;2;2;0;
QuesaSanRoque28Rd1-ed09;2;2;2;2;2;2;2;2;2;2;2;2;2;2;2;2;2;2;2;2;2;2;2;2;2;2;2;2;2;2;2;2;2;2;2;0;
qMp-7853;2;2;2;2;2;2;2;2;2;2;2;2;2;2;2;2;2;2;2;2;2;2;2;2;2;2;2;2;2;2;2;2;2;2;2;0;
QuesaSanRoque7Rd1-8755;2;2;2;2;2;2;2;2;2;2;2;2;2;2;2;2;2;2;2;2;2;2;2;2;2;2;2;2;2;2;2;2;2;2;2;0;
SBLL-Victoria3-1800;3;3;3;3;3;3;3;3;3;3;3;3;3;3;3;3;3;3;3;3;3;3;3;3;3;3;3;3;3;3;3;3;3;3;3;0;
SBLL-PabloPicasso15-e088;3;3;3;3;3;3;3;3;3;3;3;3;3;3;3;3;3;3;3;3;3;3;3;3;3;3;3;3;3;3;3;3;3;3;3;0;
BCNSegre55-b07c;3;3;3;3;3;3;3;3;3;3;3;3;3;3;3;3;3;3;3;3;3;3;3;3;3;3;3;3;3;3;3;3;3;3;3;0;
Aitor;3;3;3;3;3;3;3;3;3;3;3;3;3;3;3;3;3;3;3;3;3;3;3;3;3;3;3;3;3;3;3;3;3;3;3;0;
BCNNovell47-39be;3;3;3;3;3;3;3;3;3;3;3;3;3;3;3;3;3;3;3;3;3;3;3;3;3;3;3;3;3;3;3;3;3;3;3;0;
BCNMelciorPalau62-6a4c;3;3;3;3;3;3;3;3;3;3;3;3;3;3;3;3;3;3;3;3;3;3;3;3;3;3;3;3;3;3;3;3;3;3;3;0;
GSBCNVPlj5Rd1MALLA-ce18;3;3;3;3;3;3;3;3;3;3;3;3;3;3;3;3;3;3;3;3;3;3;3;3;3;3;3;3;3;3;3;3;3;3;3;0;
BCNSocors2-389c;3;3;3;3;3;3;3;3;3;3;3;3;3;3;3;3;3;3;3;3;3;3;3;3;3;3;3;3;3;3;3;3;3;3;3;0;
UPC-EETAC-d9f3;3;3;3;3;3;3;3;3;3;3;3;3;3;3;3;3;3;3;3;3;3;3;3;3;3;3;3;3;3;3;3;3;3;3;3;0;
UPC-CN-Vertex-Pangea-NS-1193;3;3;3;3;3;3;3;3;3;3;3;3;3;3;3;3;3;3;3;3;3;3;3;3;3;3;3;3;3;3;3;3;3;3;3;0;
BCNARicardos10Rd1-5f1f;3;3;3;3;3;3;3;3;3;3;3;3;3;3;3;3;3;3;3;3;3;3;3;3;3;3;3;3;3;3;3;3;3;3;3;0;
BCNPsgMdColl70-8e19;4;4;4;4;4;4;4;4;4;4;4;4;4;4;4;4;4;4;4;4;4;4;4;4;4;4;4;4;4;4;4;4;4;4;4;0;
P9SFTaulat14-56f7;4;4;4;4;4;4;4;4;4;4;4;4;4;4;4;4;4;4;4;4;4;4;4;4;4;4;4;4;4;4;4;4;4;4;4;0;
P9SFMariaAguilo119Rd2-96be;4;4;4;4;4;4;4;4;4;4;4;4;4;4;4;4;4;4;4;4;4;4;4;4;4;4;4;4;4;4;4;4;4;4;4;0;
BCN-GS-JpTarradellas40-6a5f;4;4;4;4;4;4;4;4;4;4;4;4;4;4;4;4;4;4;4;4;4;4;4;4;4;4;4;4;4;4;4;4;4;4;4;0;
qMpJ2G2p;4;4;4;4;4;4;4;4;4;4;4;4;4;4;4;4;4;4;4;4;4;4;4;4;4;4;4;4;4;4;4;4;4;4;4;0;
UPClab104-tun-c632;4;4;4;4;4;4;4;4;4;4;4;4;4;4;4;4;4;4;4;4;4;4;4;4;4;4;4;4;4;4;4;4;4;4;4;0;
UPC-CN-D6-105-Rd1;4;4;4;4;4;4;4;4;4;4;4;4;4;4;4;4;4;4;4;4;4;4;4;4;4;4;4;4;4;4;4;4;4;4;4;0;
BCNJocsFloralsXXXRd1-6a8a;4;4;4;4;4;4;4;4;4;4;4;4;4;4;4;4;4;4;4;4;4;4;4;4;4;4;4;4;4;4;4;4;4;4;4;0;
BCNPonsiGallarza24Rd1-0e1d;5;5;5;5;5;5;5;5;5;5;5;5;5;5;5;5;5;5;5;5;5;5;5;5;5;5;5;5;5;5;5;5;5;5;5;0;
BCNLlenguadoc21Rd1-0b5e;5;5;5;5;5;5;5;5;5;5;5;5;5;5;5;5;5;5;5;5;5;5;5;5;5;5;5;5;5;5;5;5;5;5;5;0;
CSmng26--3707;5;5;5;5;5;5;5;5;5;5;5;5;5;5;5;5;5;5;5;5;5;5;5;5;5;5;5;5;5;5;5;5;5;5;5;0;
BCNLaCinetikaRd1-5847;5;5;5;5;5;5;5;5;5;5;5;5;5;5;5;5;5;5;5;5;5;5;5;5;5;5;5;5;5;5;5;5;5;5;5;0;
BCNSantaCatalina59Rd2-f500;5;5;5;5;5;5;5;5;5;5;5;5;5;5;5;5;5;5;5;5;5;5;5;5;5;5;5;5;5;5;5;5;5;5;5;0;
BCNCoroleu29Rd1-62ba;5;5;5;5;5;5;5;5;5;5;5;5;5;5;5;5;5;5;5;5;5;5;5;5;5;5;5;5;5;5;5;5;5;5;5;0;
GS-CanVies-b840;6;6;6;6;6;6;6;6;6;6;6;6;6;6;6;6;6;6;6;6;6;6;6;6;6;6;6;6;6;6;6;6;6;6;6;0;
BCNevaristoarnus5Rd5-02b4;6;6;6;6;6;6;6;6;6;6;6;6;6;6;6;6;6;6;6;6;6;6;6;6;6;6;6;6;6;6;6;6;6;6;6;0;
BCNLlenguadoc17rooftop-3958;7;7;7;7;7;7;7;7;7;7;7;7;7;7;7;7;7;7;7;7;7;7;7;7;7;7;7;7;7;7;7;7;7;7;7;0;
GSgV-rb-dce0;7;7;7;7;7;7;7;7;7;7;7;7;7;7;7;7;7;7;7;7;7;7;7;7;7;7;7;7;7;7;7;7;7;7;7;0;
BCNSantPau80Rd1-7710;8;8;8;8;8;8;8;8;8;8;8;8;8;8;8;8;8;8;8;8;8;8;8;8;8;8;8;8;8;8;8;8;8;8;8;0;
BCN-GS-CanBruixaRd6-2803;8;8;8;8;8;8;8;8;8;8;8;8;8;8;8;8;8;8;8;8;8;8;8;8;8;8;8;8;8;8;8;8;8;8;8;0;
BCNSants186Rd1-993d;12;12;12;12;12;12;12;12;12;12;12;12;12;12;12;12;12;12;12;12;12;12;12;12;12;12;12;12;12;12;12;12;12;12;12;0; 61 no han cambiado
BCNPasteur41Rd2-4188;1;1;2;1;1;1;1;1;2;1;1;1;1;2;1;1;1;1;1;1;1;1;1;1;1;1;1;1;2;1;1;1;1,125;2;1;1;
BCNLaCera51Rd2-72e2;2;2;2;2;2;2;2;2;2;2;2;2;2;2;2;2;2;2;2;2;2;2;2;2;2;2;2;2;2;1;1;2;1,9375;2;1;1;
BCNPeuDeLaCreu8Rd2-7242;2;2;2;2;2;2;2;2;2;2;2;2;2;2;2;2;2;2;2;2;2;2;2;2;2;2;2;2;2;1;1;2;1,9375;2;1;1;
SCGGeneralitat91Rd1-6231;2;2;2;2;2;2;1;1;2;1;2;2;2;2;2;2;1;1;2;2;2;2;2;1;2;2;2;2;2;2;2;2;1,8125;2;1;1;
BCNLluisBonifac2-e25f;2;2;2;2;2;1;1;1;1;1;1;2;1;1;2;2;1;1;1;1;1;1;1;2;1;1;1;2;2;2;2;1;1,40625;2;1;1;
BCNvkkRepartidor24bis-e1ad;1;2;2;1;2;2;2;2;2;2;2;2;2;1;2;2;2;2;1;2;2;2;2;1;1;2;2;1;2;1;2;2;1,75;2;1;1;
BCNPalencia43Rd1-2c2e;3;2;3;2;2;2;2;2;2;3;3;3;3;3;3;3;3;3;3;3;3;3;3;3;3;3;3;3;3;3;3;3;2,78125;3;2;1;
CRNLL-DolorsAlmedaRoig92-def1;3;3;3;2;3;3;3;3;3;2;3;3;3;3;3;3;3;3;3;3;3;3;3;3;3;3;3;3;3;3;3;3;2,9375;3;2;1;
BCNValladolid22-d906;2;2;2;2;3;2;2;2;2;2;2;2;2;3;2;3;2;3;2;3;2;2;3;2;3;3;2;2;2;2;2;2;2,25;3;2;1;
BCNVirgili2-5fbc;2;2;2;2;2;2;2;2;2;2;2;2;3;2;2;2;2;2;2;2;2;2;2;2;2;3;2;2;2;3;2;3;2,125;3;2;1;
BCNTirso15-8e19;2;2;2;2;2;2;2;2;2;2;2;2;2;2;2;2;2;2;2;2;2;2;3;2;2;2;2;2;2;2;2;2;2,03125;3;2;1;
BCNAlbertLlanas26Rd1-d915;3;3;4;4;4;3;3;3;3;3;3;3;3;3;3;3;3;3;3;3;3;3;3;3;3;3;3;3;3;3;3;3;3,09375;4;3;1;
GSTriado51-68b9;4;3;3;4;3;3;4;3;3;3;3;3;3;3;3;3;3;3;3;3;3;3;3;3;3;3;3;3;4;4;4;4;3,21875;4;3;1;
GSJBusquets24-50b4;3;3;3;4;3;3;4;4;4;4;4;4;4;4;4;4;4;4;4;4;4;4;4;4;4;4;4;4;4;4;4;4;3,84375;4;3;1;
BCNPsgMdColl69-e141;3;3;3;3;3;3;4;4;4;4;4;4;4;4;4;4;4;4;4;4;4;4;4;4;4;4;4;4;3;3;3;3;3,6875;4;3;1;
BCNTirso41-e571;4;4;4;4;4;4;4;4;3;4;4;4;4;4;4;4;4;4;4;4;4;4;4;4;4;4;4;4;4;4;4;4;3,96875;4;3;1;
GS-BCNpisuerga17Rd2;4;4;4;4;4;4;5;5;5;5;5;5;5;5;5;5;5;5;5;5;4;4;4;4;4;4;4;4;4;4;4;4;4,4375;5;4;1;
BCNfeliucasanova24Rd1-e2d5;4;4;5;5;5;5;4;4;4;4;4;4;4;4;5;4;4;4;5;4;4;4;4;4;4;4;5;5;4;4;5;5;4,3125;5;4;1;
BCNLlenguadoc10-67fc;5;5;5;5;5;5;5;5;5;5;5;5;5;5;5;5;5;5;5;5;5;5;5;5;5;5;5;4;4;4;5;4;4,875;5;4;1;
BCNPalencia43Rd3-52f4;6;5;6;5;5;5;5;5;5;6;6;6;6;6;6;6;6;6;6;6;6;6;6;6;6;6;6;6;6;6;6;6;5,78125;6;5;1;
SJD-FedericCasas9-74c3;6;6;6;6;6;6;6;6;6;6;6;6;6;6;6;6;6;6;6;6;6;5;6;5;5;6;5;6;5;6;6;6;5,84375;6;5;1;
SJD-AVVElPi-1754;6;6;6;6;6;6;6;6;5;6;6;6;6;6;6;6;6;6;6;6;6;6;6;5;5;6;5;6;5;6;6;6;5,84375;6;5;1;
CRNLL-PassatgeDelicies2-91c8;6;6;6;6;6;6;5;6;6;6;6;6;6;6;6;6;6;6;6;6;6;6;6;6;6;6;6;6;6;6;5;5;5,90625;6;5;1;
GS-BCNpisuerga17Rd1;6;6;6;6;6;6;5;5;6;6;6;6;6;6;6;6;6;6;6;6;6;6;6;6;6;6;6;6;6;6;6;6;5,9375;6;5;1;
GSAvMadrid5-ns-7369;5;5;5;5;5;5;5;5;5;5;5;5;5;5;6;5;5;5;5;5;5;5;5;5;5;5;5;5;5;5;5;5;5,03125;6;5;1;
BCNJocsFlorals109-fe4c;5;6;5;5;6;5;6;5;5;5;5;5;5;5;5;6;5;5;5;5;5;6;5;5;5;5;5;5;5;5;5;5;5,15625;6;5;1;
vllcBCNCmbr10Rd1MESH-8e15;6;6;6;6;6;6;7;6;6;6;7;6;6;7;6;6;6;6;6;6;7;7;6;6;6;6;6;7;6;6;7;6;6,21875;7;6;1;
SJD-AvGeneralitat20-924b;7;7;7;7;7;7;7;7;7;7;7;7;7;7;7;7;7;7;7;7;7;6;7;7;7;7;7;7;7;7;7;7;6,96875;7;6;1;
CRNLL-Florida40-078b;6;7;7;7;7;6;6;7;7;7;7;7;7;6;7;7;7;7;7;7;7;7;7;7;7;7;7;7;7;7;7;7;6,875;7;6;1;
P9SFFernandoPoo33-5a11;7;6;6;6;7;6;7;6;6;7;7;7;7;7;7;7;7;7;7;7;7;6;7;7;7;7;7;6;7;7;7;7;6,75;7;6;1;
P9SFMariaAguilo119-5638;6;6;6;6;6;6;6;6;6;6;6;6;6;7;6;6;6;6;6;6;6;6;6;6;6;6;6;6;6;6;6;6;6,03125;7;6;1;
BCN-GS-Salou2bis-3a56;6;6;6;6;6;6;6;6;6;6;6;6;6;6;6;6;6;6;6;6;7;6;6;6;6;6;6;6;6;6;6;6;6,03125;7;6;1;
BCNSants186Rd2-996c;8;8;8;8;8;8;8;8;8;8;8;8;8;8;8;8;8;8;7;8;8;8;8;8;8;8;8;8;8;8;8;8;7,96875;8;7;1;
BCNRobador30Rd1-fdaf;8;8;8;8;8;8;8;8;8;8;8;8;8;8;8;8;8;8;8;8;7;7;7;7;8;7;7;8;8;8;8;8;7,8125;8;7;1;
GSMagalhaes19-fbdf;8;8;8;7;7;8;8;8;8;7;8;7;8;8;8;8;8;8;8;8;8;8;8;8;8;8;8;8;8;8;7;7;7,8125;8;7;1;
BCNGranVia146Rd1-75a1;7;7;7;7;7;7;7;7;7;7;7;7;7;7;7;7;7;7;7;7;7;7;7;7;7;7;7;7;8;8;8;8;7,125;8;7;1;
GSConstitucio174-02ed;7;7;7;7;7;7;7;7;7;7;7;7;7;7;7;7;7;7;7;7;7;7;7;7;7;7;7;7;8;8;8;8;7,125;8;7;1;
SBLL-JoanMarti37-dfa0;8;8;8;8;8;7;7;7;7;8;7;8;8;8;8;7;8;8;8;8;8;8;8;8;8;8;8;8;8;8;8;8;7,8125;8;7;1;
BCNSantPau32-36ee;7;7;7;7;7;7;7;8;8;7;7;7;7;7;7;7;7;7;7;7;7;7;7;7;7;7;7;7;7;7;7;7;7,0625;8;7;1;
BCNLaFabraRd2-8523;7;7;7;7;7;7;7;7;7;7;7;7;7;8;7;7;7;7;7;7;8;7;7;7;7;7;7;7;7;7;7;7;7,0625;8;7;1;
SJD-RamblaJujol54-18b1;9;9;9;9;9;9;9;9;8;9;9;9;9;9;9;9;9;9;9;9;9;8;9;8;8;9;8;9;8;9;9;9;8,8125;9;8;1;
BCNPeuDeLaCreu8Rd1-090d;9;9;9;9;9;9;9;9;9;8;8;8;9;9;9;9;9;9;9;9;9;9;9;9;9;9;8;8;9;8;8;9;8,78125;9;8;1;
UPC-ETSEIB-NS-7094;8;8;8;8;9;8;8;8;8;8;8;8;8;8;8;8;8;8;8;8;8;8;8;8;8;8;8;8;8;8;8;8;8,03125;9;8;1;
BCNpsgMdColl70B-c0a5;8;8;8;8;8;8;9;9;9;9;9;9;9;9;9;9;9;9;9;9;9;9;9;9;9;9;9;9;8;8;8;8;8,6875;9;8;1;
CRNLL-JoanMaragall34-dd41;10;10;10;9;10;10;10;10;10;10;10;10;10;10;10;10;10;10;10;10;10;10;10;10;10;10;10;10;10;10;10;10;9,96875;10;9;1;
BCNNogueraPallaresa15-ac8f;10;10;11;11;11;11;11;11;11;11;11;10;11;11;11;11;11;11;11;11;11;11;11;10;11;11;11;11;11;11;11;11;10,875;11;10;1;
BCN-GS-CanBruixa20-NSM5-e48b;10;11;11;10;11;11;11;10;10;10;11;11;11;10;11;11;11;11;11;11;11;11;11;11;11;11;10;11;11;11;11;11;10,78125;11;10;1;
UPC-CN-C6-Terrat-Rocket-bcee;12;12;12;12;12;12;12;12;12;12;12;12;12;12;12;12;12;12;12;12;12;12;12;12;12;12;11;11;12;12;12;11;11,90625;12;11;1;47 cambian en grado de 1
UPC-CN-C6-E104-Turoffner;1;1;1;1;1;1;1;1;1;1;0;0;0;0;0;0;0;0;0;0;-1;1;1;1;1;1;1;1;1;1;1;1;0,625;1;-1;2;
UPC-CN-C6-E104-TL-WR841N-8a29;0;0;0;0;0;0;0;0;0;1;0;0;0;0;0;0;0;0;0;0;-1;0;0;0;0;0;0;0;0;0;0;0;0;1;-1;2;
B2BJAVI73;0;0;0;2;2;2;0;2;0;0;0;2;2;2;2;2;2;2;2;2;2;2;2;2;2;2;2;2;0;0;0;0;1,3125;2;0;2;
BCNRamblaRaval29Rd1-da53;2;2;2;2;2;2;2;2;2;2;2;2;2;2;2;2;2;2;2;1;2;2;2;2;2;2;2;2;2;1;0;2;1,875;2;0;2;
BCNRamblaRaval29Rd3-72eb;2;2;2;2;2;2;2;2;2;2;2;2;2;2;2;2;2;2;2;1;2;2;2;2;2;2;2;2;2;1;0;2;1,875;2;0;2;
BCNLaBostikRd1-2bfb;2;0;2;0;0;0;0;0;0;2;2;2;2;2;2;2;2;2;2;2;2;2;2;2;2;2;2;2;2;2;2;2;1,5625;2;0;2;
BCNRobrenyo44-4658;3;2;2;3;2;2;3;2;1;2;1;1;1;2;2;1;2;2;2;2;2;2;2;2;2;2;2;2;3;3;3;1;2;3;1;2;
GSRajolers10-6e45;1;1;1;1;2;1;1;3;1;1;1;1;1;1;1;2;2;1;2;1;1;1;2;1;1;3;1;1;1;1;1;1;1,28125;3;1;2;
BCNgsfMarti62Rd1-029a;2;2;2;4;2;2;2;2;2;2;2;2;2;2;2;2;2;2;2;2;2;2;2;2;2;2;2;2;2;2;2;2;2,0625;4;2;2;
BCNcrdnyl9Rd1-f705;2;2;2;2;2;2;2;2;2;4;2;2;2;2;2;2;2;2;2;2;2;2;2;2;2;2;2;2;2;2;2;2;2,0625;4;2;2;
BCNmasnou24Rd1-d594;5;4;4;5;4;4;5;4;3;4;3;3;4;4;4;3;4;4;4;4;4;4;4;4;4;4;4;4;4;4;4;3;3,9375;5;3;2;
BCNPlDelBonSucces7-47ef;5;4;4;3;3;4;4;4;5;3;4;3;4;5;4;3;4;4;4;4;5;4;3;3;5;4;4;4;5;4;5;4;4;5;3;2;
BCNvkkPgTurull41Rd1-9227;3;4;3;3;4;3;5;4;4;5;5;5;5;3;4;5;5;4;3;4;4;4;4;4;5;5;4;4;4;4;4;3;4,0625;5;3;2;
GSCallao3-d141;5;5;5;5;5;5;5;5;5;5;5;5;5;5;4;4;4;5;4;5;5;5;5;5;5;5;5;6;5;5;5;5;4,90625;6;4;2;
BCNNouBarris23Rd2-450d;6;6;6;6;6;6;6;6;6;6;6;6;6;6;6;6;6;6;6;6;6;6;5;5;5;5;5;5;6;7;6;6;5,84375;7;5;2;
SJD-RamblaJujol3-dd93;6;6;6;6;6;6;6;6;6;6;6;6;6;6;6;6;6;6;6;6;6;6;6;5;5;6;5;6;6;7;7;7;6;7;5;2;
P9SFRambla82-6b29;5;5;5;5;5;5;5;6;5;6;6;6;6;7;6;6;6;6;6;6;6;6;6;6;6;6;7;6;7;7;7;7;5,9375;7;5;2;
BCNpgTurull--289e;5;5;5;6;5;5;7;5;5;5;5;6;6;6;6;5;6;6;5;5;5;5;5;5;6;6;6;6;5;7;6;5;5,5;7;5;2;
SBLL-JacintVerdaguer201-db97;8;8;7;7;8;7;8;8;8;7;7;7;7;8;8;8;7;8;8;8;8;8;8;6;7;7;7;7;7;8;8;8;7,53125;8;6;2;
BCNmasnou24Rd2-8416;7;7;7;7;7;8;7;7;7;7;7;7;7;7;7;7;7;7;7;7;7;7;7;7;7;7;6;6;7;8;7;7;7;8;6;2;
BCNLaCera51Rd1-7265;7;8;7;8;7;8;7;7;7;7;7;7;7;8;8;8;8;7;7;8;8;8;7;7;8;7;8;8;7;6;7;8;7,40625;8;6;2;
GS-RamblaBadal140-NS-11ce;7;6;6;6;6;6;6;6;7;8;8;7;8;8;8;8;6;6;6;6;6;6;8;8;7;6;7;7;6;7;7;7;6,78125;8;6;2;
SJD-Major22-e20f;8;8;7;7;8;8;7;7;7;7;7;7;8;8;7;7;7;7;7;7;7;6;7;6;6;7;6;7;6;6;7;7;7;8;6;2;
HWCtraCollblanc157-Rd2-ee8a;7;7;7;7;7;7;7;7;7;8;8;7;7;8;7;7;7;7;7;7;7;7;7;7;7;7;6;6;7;7;7;7;7,03125;8;6;2;
BCNLaFabraRd5-c9b0;8;6;6;6;6;7;6;6;7;7;6;7;7;7;7;7;8;8;8;7;7;8;6;8;7;6;7;7;7;8;7;7;6,9375;8;6;2;
SBLL-Victoria113-df85;8;9;9;7;7;9;9;9;9;7;8;7;8;8;8;8;7;7;7;7;7;7;7;7;8;7;8;8;7;8;8;7;7,71875;9;7;2;
SJD-FructuosGelabert1-d7b2;8;8;8;7;8;8;8;8;7;8;8;8;8;9;8;8;8;8;8;8;8;8;8;8;8;8;8;8;8;8;7;7;7,90625;9;7;2;
SJD-TorrentDEnNegre33-e173;8;8;8;8;9;9;9;9;8;9;9;9;9;9;9;9;9;9;9;9;9;8;9;8;8;9;7;8;8;8;9;9;8,59375;9;7;2;
BCNevaristoarnus5Rd9-c239;8;7;7;8;7;8;8;8;8;7;9;8;9;7;7;7;9;7;7;8;8;8;7;7;7;8;9;9;8;8;7;7;7,71875;9;7;2;
P9SFMariaAguilo108-fc54;9;9;9;9;9;9;8;10;8;9;9;9;9;9;9;9;9;9;9;9;9;9;10;10;10;10;10;10;8;8;8;8;9,03125;10;8;2;
BCNRamblaRaval29Rd2-090c;10;10;10;10;10;10;10;10;10;10;10;10;10;10;10;10;10;10;10;8;10;10;10;10;10;10;10;10;10;8;8;10;9,8125;10;8;2;
GSAvMadrid5-nb-9a57;9;8;8;9;9;9;9;8;8;10;9;10;10;10;10;10;10;10;10;10;10;10;10;10;8;9;9;9;9;9;9;9;9,28125;10;8;2;
BCNevaristoarnus5Rd4-988e;8;8;8;8;8;8;8;8;8;10;8;8;8;8;8;8;8;8;8;8;8;8;8;8;8;8;8;8;8;8;8;8;8,0625;10;8;2;
CRNLL-Travessera8-9132;10;9;11;10;10;10;10;11;10;11;10;10;11;11;9;9;9;9;9;10;9;9;9;9;11;10;11;9;10;10;10;11;9,90625;11;9;2;
BCNJocsFlorals148-6a1b;11;11;9;9;9;9;11;11;11;11;11;11;11;11;11;11;11;11;11;11;11;11;11;11;11;11;11;11;11;11;11;11;10,75;11;9;2;
P9SFPallars164-f6ae;11;11;11;11;11;11;11;11;11;11;12;11;11;11;11;11;11;11;11;11;11;11;11;11;11;12;11;11;10;11;10;11;11;12;10;2;
BCN-GS-CanBruixa20-RKM5-7bbd;10;11;10;11;10;10;11;10;10;11;11;11;12;10;10;11;11;10;10;10;10;11;10;11;10;11;11;10;10;10;10;11;10,46875;12;10;2;
UPC-CN-C6-Terrat-Alix-e81c;11;10;11;10;11;11;11;11;11;10;11;11;10;10;10;11;10;10;10;10;10;10;10;11;12;10;10;10;10;10;10;10;10,40625;12;10;2;
P9SFPallars272-f7b8;10;11;11;12;10;10;10;10;10;12;11;11;11;11;11;11;11;11;11;11;11;11;11;11;11;11;11;11;12;11;11;11;10,90625;12;10;2;
P9SFPallars88-7d16;11;10;10;10;10;10;10;10;11;11;11;12;11;11;12;11;11;11;11;11;11;11;11;10;11;12;11;11;10;10;11;10;10,75;12;10;2;
GSgranVia255-db37;12;12;12;12;12;12;12;13;13;12;12;12;12;12;12;13;12;13;12;12;12;12;12;12;12;12;11;11;12;12;12;12;12,0625;13;11;2;40 en grado de 2
GSmVictoria-992f;2;0;0;2;0;0;0;0;0;0;0;0;0;0;0;0;0;0;0;0;0;0;0;0;0;0;-1;-1;2;2;2;2;0,3125;2;-1;3;
PRLL-DoctorRobert1-086d;2;2;2;2;2;2;2;2;2;2;2;2;2;2;2;0;2;2;2;2;2;2;2;2;2;2;2;2;2;2;-1;0;1,78125;2;-1;3;
BCN_RENART_49Rd2-f242;2;2;2;3;2;2;2;2;2;2;2;2;2;2;2;2;2;2;2;2;2;2;2;2;2;2;2;2;5;5;5;5;2,40625;5;2;3;
GS26gener10-8710;4;3;4;4;4;5;6;6;6;3;6;4;4;5;5;5;5;5;5;4;4;4;4;5;4;4;5;4;4;4;4;4;4,46875;6;3;3;
UPC-CN-C6-E104-Alix;4;4;4;4;4;4;4;4;4;6;3;3;3;3;3;3;3;3;3;3;3;4;4;4;4;4;4;4;4;4;4;4;3,71875;6;3;3;
SJD-Major46-07f3;6;6;6;6;6;6;6;6;6;6;6;6;6;6;6;6;6;6;6;6;6;5;5;4;5;6;5;5;6;6;7;7;5,84375;7;4;3;
HWCtraCollblanc157-0758;6;6;6;6;6;7;6;6;7;6;8;6;6;6;6;6;6;6;6;6;6;6;6;6;6;6;5;6;6;6;6;6;6,09375;8;5;3;
P9SFRambla68-163b;9;8;9;9;9;9;9;7;9;9;10;9;10;10;9;9;9;9;9;9;9;9;10;9;10;9;9;9;9;9;9;9;9,0625;10;7;3;
BCNsprncd367-6ae5;7;8;8;8;9;8;8;7;8;8;10;8;9;9;9;10;9;9;10;10;9;9;9;8;9;9;9;9;9;8;9;9;8,6875;10;7;3;
GSgV-ns-a1a5;11;10;11;10;11;10;9;10;11;11;11;11;11;9;10;9;9;10;10;10;9;9;8;10;9;10;8;8;11;10;11;10;9,90625;11;8;3;
SJD-GranCapita1-745e;10;10;10;10;10;10;9;10;9;11;11;11;11;11;11;11;10;10;10;10;10;11;11;8;9;11;10;11;10;11;11;11;10,28125;11;8;3;
UPC-CN-Omega-cf70;9;9;8;8;8;9;9;9;9;8;9;11;8;8;10;8;9;8;9;9;9;8;9;9;9;10;10;9;8;8;9;8;8,78125;11;8;3;
BCN-Sagunt66-8971;10;10;10;10;10;10;10;11;10;11;11;11;11;11;11;10;11;10;11;11;11;10;10;11;11;11;11;10;8;11;8;8;10,3125;11;8;3;
P9SFLaTeixidora-697e;10;10;10;10;10;10;10;10;10;12;11;11;11;11;11;12;11;10;9;10;10;11;11;11;11;11;11;11;11;11;11;11;10,625;12;9;3;
P9SFUPFRoofRd2-4228;13;14;14;14;14;14;11;11;11;12;12;12;12;14;12;12;12;12;11;12;12;12;12;12;12;12;12;12;12;12;12;12;12,28125;14;11;3;
P9SFRambla58-7045;12;13;13;13;14;14;14;14;14;14;14;14;15;14;15;15;15;14;14;13;13;14;14;14;13;14;13;14;13;13;14;14;13,78125;15;12;3;
P9SFLopedeVega128-3842;13;13;12;13;13;13;13;13;13;14;14;14;14;14;14;14;14;14;14;14;14;14;14;15;14;14;14;14;14;14;14;14;13,71875;15;12;3;16 en grado de3
PRLL-Urgell21-0876;3;3;3;3;3;3;2;3;3;3;3;3;3;3;2;3;3;2;2;2;2;2;2;2;2;2;2;2;2;2;-1;0;2,3125;3;-1;4;
BCNSantuari125Rd2-0474;5;4;5;3;5;4;5;5;4;3;4;4;4;5;4;5;4;5;4;5;4;4;5;5;5;4;3;5;2;6;2;6;4,3125;6;2;4;
SJD-SantFrancescDAsis20-df55;6;6;6;6;6;7;7;7;7;6;6;6;6;3;6;6;6;6;6;6;6;6;6;6;6;6;6;6;6;6;5;5;5,96875;7;3;4;
BCNcrdnyl9Rd2-acae;4;4;4;6;5;4;4;6;6;4;5;4;4;4;6;4;4;6;5;4;4;4;4;4;4;8;4;4;4;4;4;7;4,625;8;4;4;
BCNElsSalvador24Rd1-fa70;7;7;4;6;6;6;5;4;6;6;7;6;8;5;5;4;5;5;5;5;4;4;5;5;4;5;6;6;5;5;5;5;5,34375;8;4;4;
BCNSantBaltassar25-7fe6;7;7;4;6;6;4;7;7;8;8;8;8;8;8;5;5;7;6;5;7;7;6;6;7;5;5;5;5;6;6;7;6;6,3125;8;4;4;
P9SFLlatzaret25-AH-f7d1;9;11;11;10;10;9;8;9;9;12;11;11;11;11;11;11;10;10;10;11;10;10;10;10;10;10;10;10;11;11;11;10;10,25;12;8;4;
SJD-Domenech40-e2e7;11;11;11;11;11;11;12;11;13;12;13;12;13;12;13;13;13;13;13;13;13;12;11;9;12;11;10;11;10;10;10;10;11,59375;13;9;4;
P9SFPerello50-1657;9;9;10;10;12;11;11;11;10;11;12;11;10;12;11;10;11;10;10;11;11;10;11;13;11;13;10;10;10;10;10;10;10,65625;13;9;4;
P9SFPgCalvell35-5656;12;13;13;12;14;15;12;12;13;14;15;13;14;13;14;16;14;14;14;14;14;14;14;14;15;14;15;14;14;14;14;14;13,78125;16;12;4;
P9SFUPFRoofRd1-1a3e;16;15;16;16;16;16;16;15;15;16;16;16;16;18;17;17;16;16;14;16;16;16;16;16;16;16;16;16;16;16;16;16;15,96875;18;14;4;11 en grado 4
PRLL-Caldetes5-0926;5;0;5;5;5;5;4;5;5;5;5;4;5;5;5;5;5;5;5;5;5;5;5;5;5;5;5;5;5;5;4;4;4,71875;5;0;5;
CRNLL-IsaacPeral5-d953;5;5;5;0;5;5;5;5;5;5;5;5;5;5;5;5;5;5;5;5;5;5;5;5;5;5;5;5;5;5;5;5;4,84375;5;0;5;
BCNSagunt62-1667;5;5;4;4;4;4;5;5;5;5;5;5;5;5;5;5;5;5;5;5;5;5;5;5;5;5;5;5;5;0;5;5;4,71875;5;0;5;
UPC-CN-C6-E206-Alix;0;0;0;0;0;0;0;0;0;0;5;5;5;3;5;5;4;4;3;3;4;0;0;0;0;0;0;0;0;0;0;0;1,4375;5;0;5;
qMp-HW-Ermita11;2;2;2;2;2;2;2;2;2;2;2;2;2;2;2;2;2;2;2;2;2;2;2;2;2;2;2;2;7;7;6;7;2,59375;7;2;5;
BCNVistaRicaGSF-4c65;5;5;5;8;5;5;5;5;5;5;5;5;5;5;5;5;5;5;5;5;5;5;5;5;5;5;5;5;5;3;5;5;5,03125;8;3;5;
CRNLL-AvSalvadorAllende5-8ff0;9;8;8;4;8;8;4;8;8;8;8;8;9;8;8;8;8;8;8;8;8;8;8;8;8;8;8;8;8;8;7;7;7,75;9;4;5;
P9SFSantJoanMalta221-14f3;8;9;8;9;9;8;8;8;8;10;9;10;10;9;9;10;9;9;6;10;9;9;7;10;9;9;11;11;10;10;10;11;9,125;11;6;5;
BCNNapls292Rd1-984e;7;7;7;12;7;8;8;7;8;8;7;7;7;7;7;7;7;7;7;7;7;7;7;7;7;7;7;7;7;7;7;7;7,28125;12;7;5;
BCNBruniquer36Rd1-4a57;7;7;9;12;7;7;7;7;7;7;7;7;7;7;7;7;7;7;7;7;7;7;7;7;7;7;7;7;7;7;7;7;7,21875;12;7;5;
SJD-FredericCasas1F-0849;11;11;11;12;11;11;11;11;13;13;14;14;14;14;14;14;14;14;14;14;14;12;14;11;10;14;13;13;9;11;14;13;12,59375;14;9;5;
P9SFLlacuna47-6913;16;15;16;15;16;17;16;14;16;16;18;17;16;18;19;17;17;18;14;18;18;17;16;15;15;16;18;16;16;16;17;18;16,46875;19;14;5;10 en grado 5
GSmVictoria-RK8da9;0;0;4;4;4;4;5;4;4;4;0;5;5;5;5;4;4;4;4;4;4;4;4;4;4;4;-1;-1;2;2;2;2;3,21875;5;-1;6;
BCNSantaCatalina59Rd3-805c;4;5;5;4;4;4;4;4;4;5;-1;-1;-1;-1;-1;-1;-1;-1;-1;-1;-1;4;4;4;5;4;4;4;3;3;4;4;2,34375;5;-1;6;
GSgV-nb-207c;8;7;7;11;8;6;12;7;6;6;10;7;6;6;6;6;6;7;6;6;8;8;7;9;7;6;7;7;6;6;6;10;7,21875;12;6;6;
BCNRabassa62Rd3-fe79;8;8;8;14;8;8;8;8;8;8;8;8;8;8;8;8;8;8;8;8;8;8;8;8;8;8;8;8;8;8;8;8;8,1875;14;8;6;
BCNBailen228Rocket5-de35;8;8;10;14;8;8;8;8;8;8;8;8;8;8;8;8;8;8;8;8;8;8;8;8;8;8;8;8;8;8;8;8;8,25;14;8;6;5 en grado 6
BCNPsgMdColl55-e204;5;5;5;5;5;5;6;6;6;6;6;6;6;6;6;6;6;5;5;5;5;5;5;5;5;5;5;5;5;-1;-1;-1;4,78125;6;-1;7;
CRNLL-JoanMaragall11-1ccd;7;7;7;6;7;7;6;7;6;7;0;7;7;6;7;7;7;7;7;7;7;7;7;7;7;7;7;7;7;7;7;7;6,65625;7;0;7;
SJD-qMp-Proves-239b;7;7;7;7;7;7;7;7;6;7;7;7;7;7;7;7;7;7;7;7;7;6;0;6;6;7;6;7;6;0;7;7;6,375;7;0;7;
P9SFRocBoronat39-6f21;10;6;10;10;10;10;9;8;4;9;11;11;11;11;11;11;11;11;11;11;11;11;8;11;7;9;9;11;10;10;10;9;9,75;11;4;7;
BCNLlibertat39-9b24;8;8;11;14;8;8;9;8;9;9;9;7;9;8;8;9;9;7;9;9;9;8;9;9;8;9;9;9;9;9;10;7;8,78125;14;7;7;5 en grado 7
SJD-Fontsanta48B-1833;12;11;11;11;11;11;12;12;5;11;11;11;13;13;13;13;13;13;13;13;12;13;13;12;12;11;11;11;11;10;12;12;11,65625;13;5;8;
BCNTravDalt42gsf-edf4;8;8;8;14;8;8;8;8;8;8;8;8;8;8;8;8;8;8;8;8;8;8;8;8;8;8;8;8;8;8;6;6;8,0625;14;6;8;
P9SFEspronceda132-518c;14;14;14;14;14;14;14;13;14;15;15;15;15;15;15;15;15;15;15;15;14;14;14;15;14;15;15;15;11;10;7;9;13,84375;15;7;8;
P9SFDrTrueta206-4e3b;14;14;14;14;14;14;14;14;13;15;14;15;15;15;16;15;14;14;14;15;15;14;15;15;15;14;15;15;21;21;21;21;15,28125;21;13;8;
P9SFCastanys31-1663;5;5;5;5;5;6;6;6;6;5;5;5;5;5;5;5;5;5;5;5;5;5;5;5;5;6;5;5;14;14;15;15;6,34375;15;5;10;
PRLL-PompeuFabra28-18fe;8;8;8;8;9;9;7;8;8;8;8;8;9;9;10;10;10;10;10;10;10;10;10;10;9;9;9;8;9;9;-1;0;8,34375;10;-1;11;
SJD-AvBarcelona23-1790;10;10;10;10;10;10;10;10;10;10;10;10;11;11;10;10;10;10;10;10;10;0;10;9;9;10;9;10;9;9;11;10;9,625;11;0;11;
P9SFCiutatGranada73-68f5;6;7;6;6;7;7;6;6;5;6;6;5;7;6;6;6;6;6;6;5;6;6;6;6;6;6;6;7;15;16;15;15;7,21875;16;5;11;
P9SFPujades194-5086;11;11;11;11;11;11;11;11;11;11;12;12;-1;-1;-1;-1;-1;-1;-1;-1;-1;-1;-1;-1;-1;-1;-1;-1;-1;-1;-1;-1;3,5625;12;-1;13;
SJD-Verdaguer42Sud-e1e8;13;13;13;13;14;14;13;13;13;13;13;13;14;14;14;13;0;13;13;13;13;12;13;0;0;13;0;13;0;0;13;13;10,6875;14;0;14;
P9SFEspronceda9-52bb;7;7;6;7;6;11;11;6;8;7;6;7;14;16;15;15;16;17;14;14;14;11;6;10;9;10;11;11;2;2;2;2;9,375;17;2;15;
P9SFBilbao102-7df9;19;19;19;19;19;19;19;19;19;21;21;21;21;21;21;21;21;21;21;21;21;21;21;21;21;21;21;21;5;5;5;5;18,4375;21;5;16;
P9SFBadajoz93-6e99;4;4;4;4;4;4;4;4;4;4;4;4;4;4;4;4;4;4;4;3;3;3;3;3;3;3;3;3;24;25;24;25;6,28125;25;3;22;
P9SFDrTrueta183Rd2-b713;24;23;23;23;24;24;24;24;24;25;26;26;27;27;27;27;26;26;25;25;24;25;25;24;24;23;27;25;2;2;2;2;22,03125;27;2;25;14 +7